{"filename":"demo.json","collections":[{"name":"contacts","data":[{"name":"joe","age":39,"firstLanguage":"italian","objType":"Contact","$$hashKey":"003","$loki":1},{"name":"darragh","age":32,"firstLanguage":"english","objType":"Contact","$$hashKey":"00D","$loki":6},{"name":"edu","age":34,"firstLanguage":"spanish","objType":"Contact","$loki":7},{"name":"dave","age":30,"firstLanguage":"english","objType":"Contact","$loki":10},{"name":"jack","age":32,"firstLanguage":"italian","meta":{"revision":0,"created":0,"version":0},"$loki":11}],"idIndex":[1,6,7,10,11],"binaryIndices":{},"objType":"contacts","dirty":false,"cachedIndex":null,"cachedBinaryIndex":null,"cachedData":null,"transactional":false,"cloneObjects":false,"asyncListeners":true,"disableChangesApi":true,"maxId":11,"DynamicViews":[],"events":{"insert":[null],"update":[null],"close":[],"flushbuffer":[],"error":[],"delete":[null],"warning":[null]},"changes":[]}],"databaseVersion":1,"engineVersion":1.1,"autosave":false,"autosaveInterval":5000,"autosaveHandle":null,"options":{"env":"NODEJS","autoload":true},"persistenceMethod":null,"persistenceAdapter":null,"events":{"init":[null],"flushChanges":[],"close":[],"changes":[],"warning":[]},"ENV":"NODEJS","fs":{}}